iteration,time_sampling,stoc_pol_mean,stoc_pol_std,stoc_pol_max,stoc_pol_min,alpha,delta,time_vpg,time_npg,kl_dist,surr_improvement,running_score,num_samples,time_VF,VF_error_before,VF_error_after
0,1.5265839099884033,18.847161430109015,16.45143456534206,99.92531326230836,6.4715996666255675,0.7608638902632908,0.05,0.003168821334838867,0.062168121337890625,0.024173856,0.06597004,18.847161430109015,1078,0.039035797119140625,0.9990975701405688,0.9274535317052558
1,0.8399958610534668,47.30912429558014,43.92706195698105,161.970940950461,7.992022709089997,0.7387741179114599,0.05,0.00322723388671875,0.05695700645446777,0.042435195,0.076739825,21.693357716656127,1052,0.03397083282470703,0.9639229117481078,0.8380616347614295
