iteration,time_sampling,stoc_pol_mean,stoc_pol_std,stoc_pol_max,stoc_pol_min,alpha,delta,time_vpg,time_npg,kl_dist,surr_improvement,running_score,num_samples,time_VF,VF_error_before,VF_error_after
0,1.459373950958252,20.11146494842473,24.575247404665753,136.09010147888378,5.8750039581034335,0.76887679798071,0.05,0.0026328563690185547,0.05863618850708008,0.024984322,0.075401045,20.11146494842473,1067,0.03396487236022949,1.002692641177504,0.9579729165518341
1,1.112441062927246,32.22932603204505,27.743900409349283,107.54075872722447,7.20216207904144,0.7725948911157713,0.05,0.003367900848388672,0.05481600761413574,0.022025367,0.060540564,21.323251056786763,1147,0.03626704216003418,0.9478352410673793,0.7491147197984364
