iteration,time_sampling,stoc_pol_mean,stoc_pol_std,stoc_pol_max,stoc_pol_min,alpha,delta,time_vpg,time_npg,kl_dist,surr_improvement,running_score,num_samples,time_VF,VF_error_before,VF_error_after
0,1.6744911670684814,18.042372803711775,20.001740739761217,130.9368911788091,5.826210500145896,0.7339571333825856,0.05,0.003880023956298828,0.06447482109069824,0.02814531,0.0810144,18.042372803711775,1115,0.042793989181518555,0.997242171706873,0.9202182295621617
1,0.9779419898986816,37.396252942314604,37.8611849381692,183.40769387256523,5.315913377685086,0.6812355881350672,0.05,0.0024869441986083984,0.05558419227600098,0.02916588,0.07644718,19.97776081757206,1068,0.033521175384521484,0.9423728066819776,0.7802421622037163
